,Unit,Codes
1,NA,NA
2,BAFAun/00,NA
42,BAFAunp/00,NA
82,BGdhz/Gg,NA
117,BGdwz/110,NA
121,BGdwz/111,NA
125,BGdwz/Gg,NA
160,BGmmx/Gg,NA
195,BGmmy/Gg,NA
230,BGmmz/110,NA
234,BGmmz/111,NA
238,BGmmz/Gg,NA
273,BGwmz/110,NA
277,BGwmz/111,NA
281,BGwmz/Gg,NA
316,BGxh1/05,NA
326,BGxh1/06,NA
332,BGxh1/07,NA
338,BGxh1/Gg,NA
360,BGxh2/01,NA
369,BGxh2/02,NA
376,BGxh2/03,NA
382,BGxh2/04,NA
388,BGxh2/05,NA
398,BGxh2/06,NA
404,BGxh2/07,NA
410,BGxh2/08,NA
416,BGxh2/Gg,NA
425,BGxh2/Gs,NA
441,BGxh3/110,NA
445,BGxh3/111,NA
449,BGxh3/112,NA
451,BGxh3/113,NA
453,BGxh3/Gg,NA
462,BGxhy/110,NA
466,BGxhy/111,NA
470,BGxhy/Gg,NA
505,BGxhz/110,NA
509,BGxhz/111,NA
513,BGxhz/Gg,NA
548,BGxw1/01,NA
562,BGxw1/02,NA
570,BGxw1/03,NA
577,BGxw1/04,NA
590,BGxw1/05,NA
593,BGxw1/06,NA
599,BGxw1/07,NA
603,BGxw1/08,NA
611,BGxw1/09,NA
616,BGxw1/Gg,NA
632,BGxw2/101,NA
637,BGxw2/110,NA
641,BGxw2/111,NA
645,BGxw2/113,NA
647,BGxw2/114,NA
650,BGxw2/115,NA
654,BGxw2/Gg,NA
664,BSJPap/a,NA
671,BSJPap/b,NA
679,BSJPap/c,NA
686,BSJPap/d,NA
692,BSJPap/e,NA
698,BSJPap/f,NA
702,BSJPap/g,NA
706,BSJPap/h,NA
711,BSJPku/a,NA
717,BSJPku/b,NA
725,BSJPku/c,NA
731,BSJPku/d,NA
737,BSJPku/e,NA
743,BSJPku/f,NA
747,BSJPku/g,NA
752,BSJPku/h,NA
756,BSJPpa/a,NA
763,BSJPpa/b,NA
770,BSJPpa/c,NA
776,BSJPpa/d,NA
782,BSJPpa/e,NA
788,BSJPpa/f,NA
792,BSJPpa/g,NA
796,BSJPpa/h,NA
800,BWBScm/a,NA
804,BWBScm/b,NA
808,BWBScm/c,NA
813,BWBScm/d,NA
818,BWBScm/e,NA
822,BWBScm/f,NA
826,BWBScm/g,NA
832,BWBScm/h,NA
836,BWBScm/i,NA
840,BWBScm/j,NA
844,BWBScm/k,NA
848,BWBScm/l,NA
850,BWBSdk/101,NA
855,BWBSdk/102,NA
860,BWBSdk/103,WA
863,BWBSdk/104,CA
871,BWBSdk/110,Fh
873,BWBSdk/110,NA
874,BWBSdk/111,Fm
876,BWBSdk/112,Fm
878,BWBSdk/Gb,NA
882,BWBSdk/Gg,NA
885,BWBSdm/a,NA
889,BWBSdm/b,NA
893,BWBSdm/c,NA
898,BWBSdm/d,NA
903,BWBSdm/e,NA
906,BWBSdm/f,NA
910,BWBSdm/g,NA
916,BWBSdm/h,NA
920,BWBSdm/i,NA
924,BWBSdm/j,NA
928,BWBSdm/k,NA
932,BWBSdm/l,NA
934,BWBSlb/a,NA
939,BWBSlb/b,NA
943,BWBSlb/c,NA
950,BWBSlb/d,NA
955,BWBSlb/e,NA
959,BWBSlb/f,NA
965,BWBSlb/g,NA
969,BWBSlb/h,NA
973,BWBSlb/i,NA
975,BWBSlb/j,NA
978,BWBSlf/a,NA
982,BWBSlf/b,NA
987,BWBSlf/c,NA
991,BWBSlf/d,NA
997,BWBSlf/e,NA
1004,BWBSlf/f,NA
1007,BWBSlf/g,NA
1013,BWBSlf/h,NA
1017,BWBSlf/i,NA
1023,BWBSlf/j,NA
1029,BWBSlf/k,NA
1033,BWBSlf/l,NA
1037,BWBSlf/m,NA
1042,BWBSlf/n,NA
1044,BWBSmk/101,NA
1048,BWBSmk/102,NA
1053,BWBSmk/103,WA
1056,BWBSmk/104,CA
1064,BWBSmk/110,Fh
1067,BWBSmk/110,NA
1068,BWBSmk/111,Fm
1072,BWBSmk/112,Fm
1076,BWBSmk/Gg,NA
1079,BWBSmw/101,NA
1084,BWBSmw/102,NA
1089,BWBSmw/103,WA
1091,BWBSmw/104,CA
1099,BWBSmw/110,CA
1101,BWBSmw/111,Fh
1104,BWBSmw/111,NA
1105,BWBSmw/112,Fm
1109,BWBSmw/Gg,NA
1112,BWBSnm/a,NA
1116,BWBSnm/b,NA
1120,BWBSnm/c,NA
1125,BWBSnm/d,NA
1129,BWBSnm/e,NA
1132,BWBSnm/f,NA
1136,BWBSnm/g,NA
1142,BWBSnm/h,NA
1147,BWBSnm/i,NA
1151,BWBSnm/j,NA
1153,BWBSnm/k,NA
1157,BWBSnm/l,NA
1159,BWBSpp/00,NA
1199,BWBSpp/a,NA
1203,BWBSpp/b,NA
1207,BWBSpp/c,NA
1212,BWBSpp/d,NA
1217,BWBSpp/e,NA
1221,BWBSpp/f,NA
1225,BWBSpp/g,NA
1231,BWBSpp/h,NA
1235,BWBSpp/i,NA
1239,BWBSpp/j,NA
1243,BWBSpp/k,NA
1247,BWBSpp/l,NA
1249,BWBSuf/a,NA
1254,BWBSuf/b,NA
1258,BWBSuf/c,NA
1264,BWBSuf/d,NA
1269,BWBSuf/e,NA
1275,BWBSuf/f,NA
1278,BWBSuf/g,NA
1284,BWBSuf/h,NA
1290,BWBSuf/i,NA
1296,BWBSuf/j,NA
1301,BWBSuf/k,NA
1304,BWBSuf/l,NA
1308,BWBSuf/m,NA
1313,BWBSup/a,NA
1318,BWBSup/b,NA
1322,BWBSup/c,NA
1329,BWBSup/d,NA
1334,BWBSup/e,NA
1338,BWBSup/f,NA
1344,BWBSup/g,NA
1348,BWBSup/h,NA
1352,BWBSup/i,NA
1354,BWBSup/j,NA
1357,BWBSvk/d,NA
1372,BWBSvk/h,NA
1384,BWBSvk/m,NA
1394,BWBSwk1/101,NA
1398,BWBSwk1/102,NA
1403,BWBSwk1/103,WA
1406,BWBSwk1/104,CA
1412,BWBSwk1/110,Fh
1417,BWBSwk1/111,NA
1421,BWBSwk2/101,NA
1425,BWBSwk2/102,NA
1431,BWBSwk2/103,WA
1434,BWBSwk2/104,CA
1442,BWBSwk2/110,NA
1445,BWBSwk2/111,Fh
1448,BWBSwk2/Gg,NA
1451,BWBSwk3/101,NA
1454,BWBSwk3/102,NA
1459,BWBSwk3/103,CA
1465,BWBSwk3/110,NA
1469,BWBSwk3/111,NA
1471,CCHun/00,NA
1511,CCHun/101,NA
1517,CCHun/110,NA
1521,CCHun/111,NA
1525,CCHun/Gs,NA
1533,CDFdmz/101,NA
1539,CDFdmz/102,NA
1547,CDFdmz/110,NA
1551,CDFdmz/111,NA
1555,CDFmm/01,NA
1564,CDFmm/02,NA
1570,CDFmm/03,NA
1574,CDFmm/04,NA
1580,CDFmm/05,NA
1586,CDFmm/06,NA
1590,CDFmm/07,Fh
1594,CDFmm/08,Fm
1598,CDFmm/09,Fl
1602,CDFmm/10,NA
1604,CDFmm/11,NA
1607,CDFmm/12,FWT
1609,CDFmm/13,FWT
1611,CDFmm/14,FWT
1613,CDFxmz/101,NA
1619,CDFxmz/102,NA
1627,CDFxmz/110,NA
1635,CMAun/00,NA
1675,CMAunp/00,NA
1715,CMAus/00,NA
1755,CMAwh/00,NA
1795,CMXdmy/101,NA
1801,CMXdmy/102,NA
1809,CMXdmy/110,NA
1817,CMXdmz/101,NA
1823,CMXdmz/102,NA
1827,CMXdmz/103,NA
1831,CMXdmz/110,NA
1839,CMXwmz/101,NA
1845,CMXwmz/102,NA
1853,CMXwmz/110,NA
1861,CRFdhz/00,NA
1901,CVGun/00,NA
1941,CVGun/110,NA
1945,CVGun/111,NA
1949,CVGun/Gg,NA
1963,CWFwmz/101,NA
1969,CWFwmz/102,NA
1973,CWFwmz/103,NA
1977,CWFwmz/110,NA
1981,CWFwmz/111,NA
1985,CWFwsz/101,NA
1991,CWFwsz/102,NA
1995,CWFwsz/103,NA
1999,CWFwsz/110,NA
2007,CWHdm/01,NA
2013,CWHdm/02,NA
2016,CWHdm/03,NA
2022,CWHdm/04,NA
2026,CWHdm/05,NA
2030,CWHdm/06,NA
2036,CWHdm/07,NA
2040,CWHdm/08,Fh
2044,CWHdm/09,Fm
2048,CWHdm/10,Fl
2052,CWHdm/11,NA
2054,CWHdm/12,NA
2057,CWHdm/13,FWT
2059,CWHdm/14,FWT
2061,CWHdm/15,FWT
2063,CWHdmx/101,NA
2069,CWHdmx/102,NA
2077,CWHdmx/110,NA
2081,CWHdmx/111,NA
2085,CWHdmz/101,NA
2091,CWHdmz/102,NA
2099,CWHdmz/110,NA
2103,CWHdmz/111,NA
2107,CWHds1/01,NA
2113,CWHds1/02,NA
2116,CWHds1/03,NA
2122,CWHds1/04,NA
2126,CWHds1/05,NA
2130,CWHds1/06,NA
2136,CWHds1/07,NA
2140,CWHds1/08,Fh
2144,CWHds1/09,Fm
2148,CWHds1/10,Fl
2152,CWHds1/11,NA
2154,CWHds1/12,NA
2157,CWHds2/01,NA
2163,CWHds2/02,NA
2166,CWHds2/03,NA
2172,CWHds2/04,NA
2176,CWHds2/05,NA
2180,CWHds2/06,NA
2186,CWHds2/07,NA
2190,CWHds2/08,Fh
2194,CWHds2/09,Fm
2198,CWHds2/10,Fl
2202,CWHds2/11,NA
2204,CWHds2/12,NA
2207,CWHdsz/101,NA
2213,CWHdsz/102,NA
2221,CWHdsz/110,NA
2229,CWHmhz/101,NA
2235,CWHmhz/102,NA
2239,CWHmhz/103,NA
2243,CWHmhz/110,NA
2251,CWHmm1/01,NA
2257,CWHmm1/02,NA
2260,CWHmm1/03,NA
2266,CWHmm1/04,NA
2270,CWHmm1/05,NA
2274,CWHmm1/06,NA
2280,CWHmm1/07,NA
2284,CWHmm1/08,Fh
2288,CWHmm1/09,Fm
2292,CWHmm1/10,Fl
2296,CWHmm1/11,NA
2298,CWHmm1/12,NA
2301,CWHmm2/01,NA
2307,CWHmm2/02,NA
2310,CWHmm2/03,NA
2316,CWHmm2/04,NA
2320,CWHmm2/05,NA
2324,CWHmm2/06,NA
2327,CWHmm2/07,NA
2330,CWHmm2/08,NA
2334,CWHmm2/09,NA
2336,CWHmm2/10,NA
2339,CWHms1/01,NA
2345,CWHms1/02,NA
2348,CWHms1/03,NA
2354,CWHms1/04,NA
2358,CWHms1/05,NA
2364,CWHms1/06,NA
2368,CWHms1/07,Fh
2372,CWHms1/08,Fm
2376,CWHms1/09,Fl
2380,CWHms1/10,NA
2382,CWHms1/11,NA
2385,CWHms2/01,NA
2391,CWHms2/02,NA
2394,CWHms2/03,NA
2400,CWHms2/04,NA
2404,CWHms2/05,NA
2410,CWHms2/06,NA
2414,CWHms2/07,Fh
2418,CWHms2/08,Fm
2422,CWHms2/09,Fl
2426,CWHms2/10,NA
2428,CWHms2/11,NA
2431,CWHmsy/101,NA
2437,CWHmsy/102,NA
2441,CWHmsy/103,NA
2445,CWHmsy/110,NA
2449,CWHmsy/111,NA
2453,CWHmsz/101,NA
2459,CWHmsz/102,NA
2467,CWHmsz/110,NA
2475,CWHvh1/01,NA
2481,CWHvh1/02,NA
2484,CWHvh1/03,NA
2490,CWHvh1/04,NA
2493,CWHvh1/05,NA
2497,CWHvh1/06,NA
2501,CWHvh1/07,NA
2505,CWHvh1/08,Fh
2506,CWHvh1/09,Fm
2507,CWHvh1/10,Fl
2508,CWHvh1/11,NA
2514,CWHvh1/12,NA
2518,CWHvh1/13,NA
2524,CWHvh1/14,SS
2530,CWHvh1/15,SS
2536,CWHvh1/16,SS
2542,CWHvh1/17,SS
2544,CWHvh1/18,SS
2548,CWHvh2/01,NA
2554,CWHvh2/02,NA
2557,CWHvh2/03,NA
2563,CWHvh2/04,NA
2566,CWHvh2/05,NA
2570,CWHvh2/06,NA
2574,CWHvh2/07,NA
2580,CWHvh2/08,Fh
2588,CWHvh2/09,Fm
2594,CWHvh2/10,Fl
2600,CWHvh2/11,NA
2606,CWHvh2/12,NA
2610,CWHvh2/13,NA
2616,CWHvh2/14,SS
2628,CWHvh2/15,SS
2640,CWHvh2/16,SS
2652,CWHvh2/17,SS
2658,CWHvh2/18,SS
2664,CWHvh2/19,SS
2670,CWHvh3/101,NA
2678,CWHvh3/102,NA
2684,CWHvh3/103,SS
2693,CWHvh3/104,SS
2699,CWHvh3/105,NA
2703,CWHvh3/106,NA
2707,CWHvh3/110,NA
2709,CWHvh3/111,Fh
2711,CWHvh3/112,Fm
2715,CWHvh3/113,Fl
2717,CWHvh3/114,NA
2719,CWHvh3/115,NA
2725,CWHvh3/116,SS
2727,CWHvh3/117,NA
2731,CWHvhz/101,NA
2737,CWHvhz/102,NA
2745,CWHvhz/110,NA
2749,CWHvhz/111,NA
2753,CWHvm1/01,NA
2759,CWHvm1/02,NA
2762,CWHvm1/03,NA
2768,CWHvm1/04,NA
2772,CWHvm1/05,NA
2776,CWHvm1/06,NA
2782,CWHvm1/07,NA
2786,CWHvm1/08,NA
2790,CWHvm1/09,Fh
2798,CWHvm1/10,Fm
2802,CWHvm1/11,Fl
2804,CWHvm1/12,NA
2808,CWHvm1/13,NA
2810,CWHvm1/14,NA
2813,CWHvm2/01,NA
2819,CWHvm2/02,NA
2822,CWHvm2/03,NA
2828,CWHvm2/04,NA
2832,CWHvm2/05,NA
2836,CWHvm2/06,NA
2839,CWHvm2/07,NA
2843,CWHvm2/08,NA
2847,CWHvm2/09,NA
2851,CWHvm2/10,NA
2853,CWHvm2/11,NA
2856,CWHvmy/101,NA
2862,CWHvmy/102,NA
2870,CWHvmy/110,NA
2874,CWHvmy/111,NA
2878,CWHvmz/101,NA
2884,CWHvmz/102,NA
2892,CWHvmz/110,NA
2896,CWHvmz/111,NA
2900,CWHwh1/101,NA
2905,CWHwh1/102,SS
2906,CWHwh1/102,NA
2914,CWHwh1/103,SS
2922,CWHwh1/104,SS
2928,CWHwh1/105,NA
2932,CWHwh1/110,NA
2935,CWHwh1/111,NA
2939,CWHwh1/112,Fh
2941,CWHwh1/113,Fm
2945,CWHwh1/114,Fl
2947,CWHwh1/115,NA
2949,CWHwh1/116,NA
2951,CWHwh1/117,SS
2953,CWHwh1/118,NA
2959,CWHwh2/101,NA
2974,CWHwh2/110,NA
2978,CWHwh2/111,NA
2981,CWHwh2/112,NA
2986,CWHwhz/101,NA
2992,CWHwhz/102,NA
3000,CWHwhz/110,NA
3004,CWHwhz/111,NA
3008,CWHwm/01,NA
3014,CWHwm/02,NA
3020,CWHwm/03,NA
3025,CWHwm/04,NA
3029,CWHwm/05,Fh
3033,CWHwm/06,Fm
3037,CWHwm/07,Fl
3043,CWHwm/08,NA
3048,CWHwm/09,NA
3054,CWHwm/10,NA
3056,CWHws1/01,NA
3060,CWHws1/02,NA
3063,CWHws1/03,NA
3069,CWHws1/04,NA
3074,CWHws1/05,NA
3078,CWHws1/06,NA
3082,CWHws1/07,Fh
3087,CWHws1/08,Fm
3091,CWHws1/09,Fl
3094,CWHws1/10,Fl
3096,CWHws1/11,NA
3099,CWHws2/01,NA
3105,CWHws2/02,NA
3108,CWHws2/03,NA
3114,CWHws2/04,NA
3118,CWHws2/05,NA
3124,CWHws2/06,NA
3128,CWHws2/07,Fh
3136,CWHws2/08,Fm
3140,CWHws2/09,Fl
3143,CWHws2/10,NA
3145,CWHws2/11,NA
3148,CWHxm1/01,NA
3154,CWHxm1/02,NA
3157,CWHxm1/03,NA
3163,CWHxm1/04,NA
3167,CWHxm1/05,NA
3171,CWHxm1/06,NA
3177,CWHxm1/07,NA
3181,CWHxm1/08,Fh
3185,CWHxm1/09,Fm
3189,CWHxm1/10,Fl
3193,CWHxm1/11,NA
3195,CWHxm1/12,NA
3198,CWHxm1/13,FWT
3200,CWHxm1/14,FWT
3202,CWHxm1/15,FWT
3204,CWHxm2/01,NA
3210,CWHxm2/02,NA
3213,CWHxm2/03,NA
3219,CWHxm2/04,NA
3223,CWHxm2/05,NA
3227,CWHxm2/06,NA
3233,CWHxm2/07,NA
3237,CWHxm2/08,Fh
3241,CWHxm2/09,Fm
3245,CWHxm2/10,Fl
3249,CWHxm2/11,NA
3251,CWHxm2/12,NA
3254,CWHxm2/13,FWT
3256,CWHxm2/14,FWT
3258,CWHxm2/15,FWT
3260,CWHxmy/101,NA
3266,CWHxmy/102,NA
3274,CWHxmy/110,NA
3278,CWHxmy/111,NA
3282,CWHxmz/101,NA
3288,CWHxmz/102,NA
3296,CWHxmz/110,NA
3300,CWHxmz/111,NA
3304,ESSFab/a,NA
3309,ESSFab/b,NA
3316,ESSFab/c,NA
3321,ESSFab/d,NA
3327,ESSFab/e,NA
3333,ESSFab/f,NA
3339,ESSFab/g,NA
3344,ESSFab/h,NA
3348,ESSFab/i,NA
3353,ESSFcoz/00,NA
3393,ESSFdc1/101,NA
3397,ESSFdc1/102,NA
3401,ESSFdc1/103,NA
3404,ESSFdc1/110,NA
3407,ESSFdc1/111,NA
3413,ESSFdc1/112,NA
3416,ESSFdc2/01,NA
3422,ESSFdc2/02,NA
3430,ESSFdc2/03,NA
3439,ESSFdc2/04,NA
3451,ESSFdc2/05,NA
3463,ESSFdc2/06,NA
3471,ESSFdc2/07,NA
3479,ESSFdc2/08,NA
3485,ESSFdc2/09,NA
3488,ESSFdc3/01,NA
3494,ESSFdc3/02,NA
3502,ESSFdc3/03,NA
3511,ESSFdc3/04,NA
3523,ESSFdc3/05,NA
3535,ESSFdc3/06,NA
3543,ESSFdc3/07,NA
3551,ESSFdc3/08,NA
3557,ESSFdc3/09,NA
3560,ESSFdcp/00,NA
3600,ESSFdcw/101,NA
3604,ESSFdcw/102,NA
3608,ESSFdcw/103,NA
3611,ESSFdcw/110,NA
3614,ESSFdcw/111,NA
3620,ESSFdcw/112,NA
3623,ESSFdhz/101,NA
3629,ESSFdhz/102,NA
3633,ESSFdhz/103,NA
3637,ESSFdhz/110,NA
3641,ESSFdhz/111,NA
3645,ESSFdk1/101,NA
3648,ESSFdk1/102,NA
3653,ESSFdk1/103,NA
3656,ESSFdk1/104,NA
3660,ESSFdk1/110,NA
3663,ESSFdk1/111,NA
3669,ESSFdk1/Ro,NA
3672,ESSFdk2/101,NA
3675,ESSFdk2/102,NA
3678,ESSFdk2/103,NA
3682,ESSFdk2/104,NA
3687,ESSFdk2/110,NA
3689,ESSFdk2/111,NA
3692,ESSFdk2/112,NA
3698,ESSFdk2/Ro,NA
3702,ESSFdkp/00,NA
3742,ESSFdkw/101,NA
3748,ESSFdkw/102,NA
3753,ESSFdkw/103,NA
3759,ESSFdkw/110,NA
3763,ESSFdkw/Ro,NA
3766,ESSFdkz/101,NA
3772,ESSFdkz/102,NA
3780,ESSFdkz/110,NA
3784,ESSFdkz/111,NA
3788,ESSFdv1/01,NA
3797,ESSFdv1/02,NA
3804,ESSFdv1/03,NA
3813,ESSFdv1/04,NA
3821,ESSFdv1/05,NA
3836,ESSFdv1/06,NA
3846,ESSFdv2/01,NA
3855,ESSFdv2/02,NA
3862,ESSFdv2/03,NA
3871,ESSFdv2/04,NA
3879,ESSFdv2/05,NA
3894,ESSFdv2/06,NA
3904,ESSFdvp/00,NA
3944,ESSFdvw/01,NA
3953,ESSFdvw/02,NA
3960,ESSFdvw/03,NA
3969,ESSFdvw/04,NA
3977,ESSFdvw/05,NA
3992,ESSFdvw/06,NA
4002,ESSFmc/01,NA
4005,ESSFmc/02,NA
4011,ESSFmc/03,NA
4014,ESSFmc/04,NA
4018,ESSFmc/05,NA
4020,ESSFmc/06,NA
4022,ESSFmc/07,NA
4026,ESSFmc/08,NA
4031,ESSFmc/09,NA
4035,ESSFmc/10,NA
4038,ESSFmcp/00,NA
4078,ESSFmh/101,NA
4081,ESSFmh/102,NA
4084,ESSFmh/103,NA
4087,ESSFmh/104,NA
4091,ESSFmh/105,NA
4094,ESSFmh/110,NA
4098,ESSFmh/111,NA
4104,ESSFmh/112,NA
4107,ESSFmk/01,NA
4110,ESSFmk/02,NA
4119,ESSFmk/03,NA
4123,ESSFmk/04,NA
4127,ESSFmk/05,NA
4132,ESSFmk/06,NA
4136,ESSFmk/07,NA
4140,ESSFmkp/00,NA
4180,ESSFmm1/01,NA
4186,ESSFmm1/02,NA
4188,ESSFmm1/03,NA
4191,ESSFmm1/04,NA
4193,ESSFmm1/05,NA
4196,ESSFmm1/06,NA
4204,ESSFmm1/07,NA
4206,ESSFmm2/01,NA
4216,ESSFmm2/02,NA
4222,ESSFmm2/03,NA
4235,ESSFmm2/04,NA
4245,ESSFmm2/05,NA
4258,ESSFmm2/06,NA
4264,ESSFmm2/07,NA
4266,ESSFmm3/101,NA
4269,ESSFmm3/102,NA
4273,ESSFmm3/103,NA
4276,ESSFmm3/104,NA
4280,ESSFmm3/110,NA
4283,ESSFmm3/111,NA
4287,ESSFmm3/112,NA
4293,ESSFmm3/Ro,NA
4296,ESSFmmp/00,NA
4336,ESSFmmw/01,NA
4342,ESSFmmw/02,NA
4344,ESSFmmw/03,NA
4347,ESSFmmw/04,NA
4349,ESSFmmw/05,NA
4352,ESSFmmw/06,NA
4360,ESSFmv1/01,NA
4363,ESSFmv1/02,NA
4367,ESSFmv1/03,NA
4371,ESSFmv1/04,NA
4375,ESSFmv1/05,NA
4379,ESSFmv2/01,NA
4383,ESSFmv2/02,NA
4387,ESSFmv2/03,CA
4394,ESSFmv2/04,NA
4398,ESSFmv2/05,NA
4400,ESSFmv2/06,NA
4404,ESSFmv3/01,NA
4410,ESSFmv3/02,NA
4414,ESSFmv3/03,NA
4420,ESSFmv3/04,NA
4424,ESSFmv3/05,NA
4426,ESSFmv3/06,NA
4430,ESSFmv3/07,NA
4432,ESSFmv4/01,NA
4437,ESSFmv4/02,NA
4439,ESSFmv4/03,CA
4447,ESSFmv4/04,NA
4450,ESSFmv4/05,NA
4453,ESSFmvp/00,NA
4493,ESSFmw/01,NA
4501,ESSFmw/02,NA
4509,ESSFmw/03,NA
4521,ESSFmw/04,NA
4530,ESSFmw/05,NA
4536,ESSFmw/06,NA
4545,ESSFmw/07,NA
4551,ESSFmw/08,NA
4557,ESSFmw1/01,NA
4565,ESSFmw1/02,NA
4573,ESSFmw1/03,NA
4585,ESSFmw1/04,NA
4594,ESSFmw1/05,NA
4600,ESSFmw1/06,NA
4609,ESSFmw1/07,NA
4615,ESSFmw1/08,NA
4621,ESSFmw2/01,NA
4629,ESSFmw2/02,NA
4637,ESSFmw2/03,NA
4649,ESSFmw2/04,NA
4658,ESSFmw2/05,NA
4664,ESSFmw2/06,NA
4673,ESSFmw2/07,NA
4679,ESSFmw2/08,NA
4685,ESSFmwp/00,NA
4725,ESSFmww/01,NA
4733,ESSFmww/02,NA
4741,ESSFmww/03,NA
4753,ESSFmww/04,NA
4762,ESSFmww/05,NA
4768,ESSFmww/06,NA
4777,ESSFmww/07,NA
4783,ESSFmww/08,NA
4789,ESSFmwz/101,NA
4795,ESSFmwz/102,NA
4799,ESSFmwz/103,NA
4803,ESSFmwz/110,NA
4807,ESSFmwz/111,NA
4811,ESSFmwzp/00,NA
4851,ESSFun/d,NA
4866,ESSFun/h,NA
4881,ESSFun/m,NA
4891,ESSFunp/00,NA
4931,ESSFvc/01,NA
4943,ESSFvc/02,NA
4949,ESSFvc/03,NA
4962,ESSFvc/04,NA
4974,ESSFvc/05,NA
4984,ESSFvc/06,NA
4993,ESSFvcp/00,NA
5033,ESSFvcw/01,NA
5045,ESSFvcw/02,NA
5051,ESSFvcw/03,NA
5064,ESSFvcw/04,NA
5076,ESSFvcw/05,NA
5086,ESSFvcw/06,NA
5095,ESSFvmz/101,NA
5101,ESSFvmz/102,NA
5109,ESSFvmz/110,NA
5113,ESSFvmz/111,NA
5117,ESSFwc2/01,NA
5121,ESSFwc2/02,NA
5125,ESSFwc2/03,NA
5130,ESSFwc2/04,NA
5134,ESSFwc2/05,NA
5138,ESSFwc2/06,NA
5142,ESSFwc2/07,NA
5146,ESSFwc2/08,NA
5150,ESSFwc2/09,NA
5154,ESSFwc2/10,NA
5159,ESSFwc3/01,NA
5165,ESSFwc3/02,NA
5175,ESSFwc3/03,NA
5183,ESSFwc4/101,NA
5186,ESSFwc4/102,NA
5190,ESSFwc4/103,NA
5194,ESSFwc4/110,NA
5197,ESSFwc4/111,NA
5201,ESSFwc4/112,NA
5206,ESSFwcp/00,NA
5246,ESSFwcw/101,NA
5251,ESSFwcw/102,NA
5253,ESSFwcw/103,NA
5257,ESSFwcw/104,NA
5262,ESSFwcw/110,NA
5268,ESSFwh1/101,NA
5271,ESSFwh1/102,NA
5274,ESSFwh1/103,NA
5277,ESSFwh1/104,NA
5280,ESSFwh1/110,NA
5284,ESSFwh1/111,NA
5290,ESSFwh2/101,NA
5295,ESSFwh2/102,NA
5300,ESSFwh2/103,NA
5303,ESSFwh2/104,NA
5306,ESSFwh2/110,NA
5309,ESSFwh2/111,NA
5313,ESSFwh2/112,NA
5319,ESSFwh3/101,NA
5323,ESSFwh3/102,NA
5326,ESSFwh3/103,NA
5329,ESSFwh3/104,NA
5332,ESSFwh3/110,NA
5335,ESSFwh3/111,NA
5340,ESSFwh3/112,NA
5346,ESSFwhz/101,NA
5352,ESSFwhz/102,NA
5360,ESSFwhz/110,NA
5364,ESSFwhz/111,NA
5368,ESSFwk1/01,NA
5374,ESSFwk1/02,NA
5381,ESSFwk1/03,NA
5388,ESSFwk1/04,NA
5390,ESSFwk1/05,NA
5392,ESSFwk1/06,NA
5399,ESSFwk1/07,NA
5407,ESSFwk2/01,NA
5414,ESSFwk2/02,NA
5418,ESSFwk2/03,NA
5422,ESSFwk2/04,NA
5426,ESSFwk2/05,NA
5429,ESSFwk2/06,NA
5431,ESSFwm1/101,NA
5434,ESSFwm1/102,NA
5439,ESSFwm1/103,NA
5442,ESSFwm1/104,NA
5445,ESSFwm1/110,NA
5448,ESSFwm1/111,NA
5452,ESSFwm1/112,NA
5458,ESSFwm1/Ro,NA
5461,ESSFwm2/101,NA
5464,ESSFwm2/102,NA
5467,ESSFwm2/103,NA
5471,ESSFwm2/104,NA
5475,ESSFwm2/110,NA
5478,ESSFwm2/111,NA
5482,ESSFwm2/112,NA
5488,ESSFwm3/101,NA
5492,ESSFwm3/102,NA
5496,ESSFwm3/103,NA
5499,ESSFwm3/104,NA
5503,ESSFwm3/105,NA
5506,ESSFwm3/110,NA
5509,ESSFwm3/111,NA
5512,ESSFwm3/112,NA
5517,ESSFwm4/101,NA
5520,ESSFwm4/102,NA
5525,ESSFwm4/103,NA
5530,ESSFwm4/110,NA
5533,ESSFwm4/111,NA
5541,ESSFwmp/00,NA
5581,ESSFwmw/101,NA
5586,ESSFwmw/102,NA
5589,ESSFwmw/103,NA
5592,ESSFwmw/110,NA
5596,ESSFwmz/101,NA
5602,ESSFwmz/102,NA
5606,ESSFwmz/103,NA
5610,ESSFwmz/110,NA
5614,ESSFwmz/111,NA
5618,ESSFwv/01,NA
5621,ESSFwv/02,NA
5628,ESSFwv/03,NA
5631,ESSFwv/04,NA
5634,ESSFwv/05,NA
5638,ESSFwv/06,NA
5641,ESSFwv/07,NA
5645,ESSFwv/08,NA
5649,ESSFwv/09,NA
5652,ESSFwvp/00,NA
5692,ESSFxc1/01,NA
5700,ESSFxc1/02,NA
5709,ESSFxc1/03,NA
5713,ESSFxc1/04,NA
5717,ESSFxc1/05,NA
5728,ESSFxc1/06,NA
5734,ESSFxc1/07,NA
5742,ESSFxc1/08,NA
5746,ESSFxc1/09,NA
5750,ESSFxc1/10,NA
5754,ESSFxc1/Gg,NA
5760,ESSFxc2/01,NA
5768,ESSFxc2/02,NA
5777,ESSFxc2/03,NA
5781,ESSFxc2/04,NA
5785,ESSFxc2/05,NA
5796,ESSFxc2/06,NA
5802,ESSFxc2/07,NA
5810,ESSFxc2/08,NA
5814,ESSFxc2/09,NA
5818,ESSFxc2/10,NA
5822,ESSFxc2/Gg,NA
5830,ESSFxc3/01,NA
5838,ESSFxc3/02,NA
5847,ESSFxc3/03,NA
5851,ESSFxc3/04,NA
5855,ESSFxc3/05,NA
5866,ESSFxc3/06,NA
5872,ESSFxc3/07,NA
5880,ESSFxc3/08,NA
5884,ESSFxc3/09,NA
5888,ESSFxc3/10,NA
5892,ESSFxcp/00,NA
5932,ESSFxcw/01,NA
5940,ESSFxcw/02,NA
5949,ESSFxcw/03,NA
5953,ESSFxcw/04,NA
5957,ESSFxcw/05,NA
5968,ESSFxcw/06,NA
5974,ESSFxcw/07,NA
5982,ESSFxcw/08,NA
5986,ESSFxcw/09,NA
5990,ESSFxcw/10,NA
5994,ESSFxcw/Gg,NA
6000,ESSFxcy/101,NA
6006,ESSFxcy/102,NA
6010,ESSFxcy/103,NA
6014,ESSFxcy/110,NA
6018,ESSFxcy/111,NA
6022,ESSFxcyp/00,NA
6062,ESSFxcz/101,NA
6068,ESSFxcz/102,NA
6072,ESSFxcz/103,NA
6076,ESSFxcz/110,NA
6080,ESSFxcz/111,NA
6084,ESSFxczp/00,NA
6124,ESSFxhz/101,NA
6130,ESSFxhz/102,NA
6134,ESSFxhz/103,NA
6138,ESSFxhz/110,NA
6142,ESSFxhz/111,NA
6146,ESSFxmy/101,NA
6152,ESSFxmy/102,NA
6156,ESSFxmy/103,NA
6160,ESSFxmy/110,NA
6168,ESSFxmz/101,NA
6174,ESSFxmz/102,NA
6178,ESSFxmz/103,NA
6182,ESSFxmz/110,NA
6186,ESSFxmz/111,NA
6190,ESSFxmzp/00,NA
6230,ESSFxv1/01,NA
6235,ESSFxv1/02,NA
6246,ESSFxv1/03,NA
6250,ESSFxv1/04,NA
6256,ESSFxv1/05,NA
6262,ESSFxv1/06,NA
6266,ESSFxv1/07,NA
6274,ESSFxv1/08,NA
6280,ESSFxv1/09,NA
6284,ESSFxv2/01,NA
6288,ESSFxv2/02,NA
6294,ESSFxv2/03,NA
6298,ESSFxv2/04,NA
6301,ESSFxv2/05,NA
6305,ESSFxv2/06,NA
6309,ESSFxv2/07,NA
6312,ESSFxv2/08,NA
6315,ESSFxv2/09,NA
6321,ESSFxv2/10,NA
6327,ESSFxvp/00,NA
6367,ESSFxvw/01,NA
6372,ESSFxvw/02,NA
6383,ESSFxvw/03,NA
6387,ESSFxvw/04,NA
6393,ESSFxvw/05,NA
6399,ESSFxvw/06,NA
6403,ESSFxvw/07,NA
6411,ESSFxvw/08,NA
6417,ESSFxvw/09,NA
6421,ESSFxxx/101,NA
6427,ESSFxxx/102,NA
6431,ESSFxxx/103,NA
6435,ESSFxxx/110,NA
6439,ESSFxxx/111,NA
6443,ESSFxxz/101,NA
6449,ESSFxxz/102,NA
6453,ESSFxxz/103,NA
6457,ESSFxxz/110,NA
6461,ESSFxxz/111,NA
6465,ESSFxyz/101,NA
6471,ESSFxyz/102,NA
6475,ESSFxyz/103,NA
6479,ESSFxyz/110,NA
6483,ESSFxyz/111,NA
6487,ESSFxyzp/00,NA
6527,FGff/00,NA
6567,FGnf/00,NA
6607,GBDxxw/110,NA
6611,GBDxxw/111,NA
6615,GBDxxw/Gg,NA
6629,GBDxxw/Gs,NA
6664,GBDxxx/110,NA
6668,GBDxxx/111,NA
6672,GBDxxx/Gg,NA
6686,GBDxxx/Gs,NA
6721,GBDxxy/Gs,NA
6756,GOcoz/00,NA
6796,GOcoz/101,NA
6802,GOcoz/102,NA
6810,GOcoz/110,NA
6814,GOcoz/111,NA
6818,HGco/Gg,NA
6853,ICHdhz/101,NA
6859,ICHdhz/102,NA
6863,ICHdhz/103,NA
6867,ICHdhz/110,NA
6875,ICHdk/01,NA
6881,ICHdk/02,NA
6889,ICHdk/03,CA
6893,ICHdk/04,NA
6896,ICHdk/05,NA
6899,ICHdk/06,NA
6902,ICHdk/07,NA
6904,ICHdk/08,NA
6911,ICHdk/09,NA
6918,ICHdm/101,NA
6922,ICHdm/102,NA
6926,ICHdm/103,NA
6930,ICHdm/110,NA
6933,ICHdm/111,NA
6937,ICHdm/112,NA
6943,ICHdmz/101,NA
6949,ICHdmz/102,NA
6957,ICHdmz/110,NA
6961,ICHdmz/111,NA
6965,ICHdw1/101,NA
6970,ICHdw1/102,NA
6974,ICHdw1/103,NA
6977,ICHdw1/104,NA
6982,ICHdw1/110,NA
6984,ICHdw1/111,NA
6987,ICHdw1/112,NA
6991,ICHdw1/113,NA
6995,ICHdw3/101,NA
7001,ICHdw3/102,NA
7007,ICHdw3/103,NA
7011,ICHdw3/110,NA
7014,ICHdw3/111,NA
7018,ICHdw3/112,NA
7024,ICHdw4/101,NA
7027,ICHdw4/102,NA
7032,ICHdw4/103,NA
7036,ICHdw4/104,NA
7041,ICHdw4/110,NA
7045,ICHdw4/111,NA
7048,ICHdw4/112,NA
7051,ICHdwz/101,NA
7057,ICHdwz/102,NA
7061,ICHdwz/103,NA
7065,ICHdwz/110,NA
7069,ICHdwz/111,NA
7073,ICHmc1/01,NA
7078,ICHmc1/02,NA
7085,ICHmc1/03,NA
7089,ICHmc1/04,NA
7094,ICHmc1/05,Fm
7097,ICHmc1/06,NA
7103,ICHmc1a/01,NA
7109,ICHmc1a/02,NA
7112,ICHmc1a/03,NA
7115,ICHmc2/01,NA
7120,ICHmc2/02,NA
7126,ICHmc2/03,NA
7130,ICHmc2/04,NA
7131,ICHmc2/05,NA
7134,ICHmc2/06,Fm
7136,ICHmc2/06,NA
7137,ICHmc2/07,NA
7143,ICHmc2/08,NA
7146,ICHmk1/01,NA
7155,ICHmk1/02,NA
7167,ICHmk1/03,NA
7175,ICHmk1/04,NA
7181,ICHmk1/05,NA
7187,ICHmk1/06,NA
7195,ICHmk1/07,NA
7201,ICHmk1/08,NA
7205,ICHmk2/01,NA
7220,ICHmk2/02,NA
7228,ICHmk2/03,NA
7235,ICHmk2/04,NA
7244,ICHmk2/05,NA
7256,ICHmk2/06,NA
7264,ICHmk3/01,NA
7270,ICHmk3/02,NA
7276,ICHmk3/03,NA
7282,ICHmk3/04,NA
7285,ICHmk3/05,CA
7286,ICHmk3/05,NA
7288,ICHmk3/06,NA
7292,ICHmk3/07,NA
7295,ICHmk4/101,NA
7298,ICHmk4/102,NA
7303,ICHmk4/103,NA
7307,ICHmk4/110,NA
7309,ICHmk4/111,NA
7315,ICHmk4/112,NA
7321,ICHmk4/Ro,NA
7325,ICHmk5/101,NA
7328,ICHmk5/102,NA
7332,ICHmk5/103,NA
7335,ICHmk5/104,NA
7338,ICHmk5/110,NA
7342,ICHmk5/111,NA
7346,ICHmk5/112,NA
7352,ICHmm/01,NA
7356,ICHmm/02,NA
7358,ICHmm/03,NA
7360,ICHmm/04,NA
7363,ICHmm/05,NA
7369,ICHmm/06,NA
7371,ICHmm/07,NA
7373,ICHmm/08,NA
7375,ICHmw1/01,NA
7383,ICHmw1/02,NA
7389,ICHmw1/03,NA
7393,ICHmw1/04,NA
7399,ICHmw1/05,NA
7405,ICHmw1/06,NA
7409,ICHmw1/07,NA
7414,ICHmw2/101,NA
7418,ICHmw2/102,NA
7422,ICHmw2/103,NA
7425,ICHmw2/104,NA
7428,ICHmw2/110,NA
7431,ICHmw2/111,NA
7436,ICHmw2/112,NA
7441,ICHmw2/113,NA
7445,ICHmw2/114,NA
7449,ICHmw3/01,NA
7454,ICHmw3/02,NA
7462,ICHmw3/03,NA
7474,ICHmw3/04,NA
7483,ICHmw3/05,NA
7495,ICHmw3/06,NA
7503,ICHmw3/07,Fm
7510,ICHmw3/08,NA
7516,ICHmw3/09,NA
7524,ICHmw4/101,NA
7529,ICHmw4/102,NA
7532,ICHmw4/103,NA
7535,ICHmw4/104,NA
7539,ICHmw4/110,NA
7542,ICHmw4/111,NA
7545,ICHmw4/112,NA
7549,ICHmw4/113,NA
7553,ICHmw4/114,NA
7559,ICHmw5/101,NA
7562,ICHmw5/102,NA
7567,ICHmw5/103,NA
7569,ICHmw5/104,NA
7572,ICHmw5/110,NA
7575,ICHmw5/111,NA
7579,ICHmw5/112,NA
7583,ICHmw5/113,NA
7585,ICHmwy/101,NA
7591,ICHmwy/102,NA
7595,ICHmwy/103,NA
7599,ICHmwy/110,NA
7603,ICHmwy/111,NA
7607,ICHmwz/101,NA
7613,ICHmwz/102,NA
7617,ICHmwz/103,NA
7621,ICHmwz/110,NA
7625,ICHmwz/111,NA
7629,ICHvc/01,NA
7634,ICHvc/02,NA
7644,ICHvc/03,NA
7649,ICHvc/04,Fh
7653,ICHvc/05,Fm
7657,ICHvc/06,NA
7663,ICHvk1/01,NA
7678,ICHvk1/02,NA
7690,ICHvk1/03,NA
7698,ICHvk1/04,NA
7706,ICHvk1/05,NA
7716,ICHvk1/06,NA
7724,ICHvk2/01,NA
7729,ICHvk2/02,NA
7731,ICHvk2/03,NA
7735,ICHvk2/04,NA
7740,ICHvk2/05,Fh
7744,ICHvk2/06,NA
7746,ICHvk2/07,NA
7749,ICHwc/01,NA
7751,ICHwc/02,NA
7756,ICHwc/03,NA
7760,ICHwc/04,NA
7764,ICHwc/05,NA
7767,ICHwc/06,Fm
7770,ICHwc/07,NA
7775,ICHwc/08,NA
7781,ICHwk1/01,NA
7789,ICHwk1/02,NA
7793,ICHwk1/03,NA
7799,ICHwk1/04,NA
7807,ICHwk1/05,NA
7815,ICHwk1/06,Fm
7823,ICHwk1/07,NA
7831,ICHwk1/08,NA
7837,ICHwk2/01,NA
7844,ICHwk2/02,NA
7848,ICHwk2/03,NA
7852,ICHwk2/04,NA
7859,ICHwk2/05,CA
7862,ICHwk2/06,CA
7865,ICHwk2/07,NA
7867,ICHwk2/08,NA
7873,ICHwk3/01,NA
7881,ICHwk3/02,NA
7883,ICHwk3/03,NA
7885,ICHwk3/04,NA
7889,ICHwk3/05,NA
7892,ICHwk3/06,NA
7896,ICHwk3/07,NA
7898,ICHwk3/08,NA
7901,ICHwk3/09,NA
7903,ICHwk4/01,NA
7909,ICHwk4/02,NA
7913,ICHwk4/03,NA
7917,ICHwk4/04,NA
7921,ICHwk4/05,NA
7926,ICHwk4/06,CA
7928,ICHwk4/07,NA
7931,ICHwk4/08,NA
7937,ICHxw/101,NA
7940,ICHxw/102,NA
7942,ICHxw/103,NA
7944,ICHxw/104,NA
7947,ICHxw/110,NA
7950,ICHxw/111,NA
7954,ICHxw/112,NA
7958,ICHxw/113,NA
7962,ICHxwa/101,NA
7965,ICHxwa/102,NA
7967,ICHxwa/103,NA
7969,ICHxwa/104,NA
7972,ICHxwa/110,NA
7975,ICHxwa/111,NA
7979,ICHxwa/112,NA
7983,ICHxwa/113,NA
7987,ICHxwy/101,NA
7993,ICHxwy/102,NA
7997,ICHxwy/103,NA
8001,ICHxwy/110,NA
8005,ICHxwy/111,NA
8009,IDFdc/01,NA
8017,IDFdc/02,NA
8029,IDFdc/03,NA
8039,IDFdc/04,NA
8049,IDFdc/05,NA
8056,IDFdc/06,NA
8063,IDFdc/07,NA
8070,IDFdc/08,NA
8074,IDFdc/Gg,NA
8076,IDFdhy/101,NA
8082,IDFdhy/102,NA
8086,IDFdhy/103,NA
8090,IDFdhy/110,NA
8094,IDFdhy/111,NA
8098,IDFdk1/01,NA
8106,IDFdk1/02,NA
8110,IDFdk1/03,NA
8124,IDFdk1/04,NA
8136,IDFdk1/05,NA
8144,IDFdk1/06,NA
8150,IDFdk1/07,NA
8158,IDFdk1/Gg,NA
8169,IDFdk2/01,NA
8177,IDFdk2/02,NA
8189,IDFdk2/03,NA
8199,IDFdk2/04,NA
8209,IDFdk2/05,NA
8216,IDFdk2/06,NA
8223,IDFdk2/07,NA
8230,IDFdk2/08,NA
8234,IDFdk2/Gg,NA
8236,IDFdk3/01,NA
8239,IDFdk3/02,NA
8241,IDFdk3/03,NA
8243,IDFdk3/04,NA
8245,IDFdk3/05,CAsp
8251,IDFdk3/06,NA
8253,IDFdk3/07,NA
8255,IDFdk3/08,NA
8257,IDFdk3/09,NA
8265,IDFdk4/01,NA
8269,IDFdk4/02,NA
8273,IDFdk4/03,NA
8277,IDFdk4/04,NA
8281,IDFdk4/05,NA
8285,IDFdk4/06,NA
8287,IDFdk4/07,NA
8289,IDFdk4/08,NA
8291,IDFdk4/09,NA
8294,IDFdk4/10,NA
8302,IDFdk5/101,NA
8305,IDFdk5/102,NA
8308,IDFdk5/103,NA
8311,IDFdk5/104,NA
8314,IDFdk5/110,NA
8318,IDFdk5/111,NA
8323,IDFdk5/Ro,NA
8326,IDFdky/101,NA
8332,IDFdky/102,NA
8336,IDFdky/103,NA
8340,IDFdky/110,NA
8344,IDFdky/111,NA
8348,IDFdm1/01,NA
8356,IDFdm1/02,NA
8371,IDFdm1/03,NA
8382,IDFdm1/04,NA
8390,IDFdm1/05,NA
8401,IDFdm1/06,NA
8409,IDFdm1/07,NA
8419,IDFdm2/101,NA
8422,IDFdm2/102,NA
8424,IDFdm2/103,NA
8427,IDFdm2/104,NA
8431,IDFdm2/110,NA
8435,IDFdm2/111,NA
8441,IDFdm2/112,NA
8447,IDFdm2/Ro,NA
8450,IDFdmy/101,NA
8456,IDFdmy/102,NA
8460,IDFdmy/103,NA
8464,IDFdmy/110,NA
8468,IDFdmy/111,NA
8472,IDFdmz/101,NA
8478,IDFdmz/102,NA
8482,IDFdmz/103,NA
8486,IDFdmz/110,NA
8490,IDFdmz/111,NA
8494,IDFdw/01,NA
8502,IDFdw/d,NA
8510,IDFdw/h,NA
8522,IDFdxz/101,NA
8528,IDFdxz/102,NA
8532,IDFdxz/103,NA
8536,IDFdxz/110,NA
8540,IDFdxz/111,NA
8544,IDFmw1/01,NA
8559,IDFmw1/02,NA
8572,IDFmw1/03,NA
8583,IDFmw1/04,NA
8597,IDFmw1/05,NA
8605,IDFmw1/06,NA
8613,IDFmw2/01,NA
8625,IDFmw2/02,NA
8633,IDFmw2/03,NA
8644,IDFmw2/04,NA
8656,IDFmw2/05,NA
8662,IDFww/01,NA
8668,IDFww/02,NA
8671,IDFww/03,NA
8677,IDFww/04,NA
8681,IDFww/05,NA
8683,IDFww/06,NA
8685,IDFww/07,NA
8688,IDFww1/01,NA
8694,IDFww1/02,NA
8697,IDFww1/03,NA
8703,IDFww1/04,NA
8707,IDFww1/05,NA
8709,IDFww1/06,NA
8711,IDFww1/07,NA
8714,IDFxc/01,NA
8727,IDFxc/02,NA
8735,IDFxc/03,NA
8744,IDFxc/04,NA
8752,IDFxc/05,NA
8758,IDFxc/06,NA
8768,IDFxc/07,NA
8774,IDFxc/08,NA
8778,IDFxh1/01,NA
8786,IDFxh1/02,NA
8795,IDFxh1/03,NA
8801,IDFxh1/04,NA
8810,IDFxh1/05,NA
8818,IDFxh1/06,NA
8824,IDFxh1/07,NA
8830,IDFxh1/08,NA
8838,IDFxh1/09,NA
8846,IDFxh1/Gg,NA
8854,IDFxh2/01,NA
8867,IDFxh2/02,NA
8875,IDFxh2/03,NA
8884,IDFxh2/04,NA
8892,IDFxh2/05,NA
8898,IDFxh2/06,NA
8908,IDFxh2/07,NA
8914,IDFxh2/08,NA
8918,IDFxh4/01,NA
8926,IDFxh4/02,NA
8935,IDFxh4/03,NA
8941,IDFxh4/04,NA
8950,IDFxh4/05,NA
8958,IDFxh4/06,NA
8964,IDFxh4/07,NA
8970,IDFxh4/08,NA
8978,IDFxh4/09,NA
8986,IDFxh4/Gg,NA
8994,IDFxhy/101,NA
9000,IDFxhy/102,NA
9004,IDFxhy/103,NA
9008,IDFxhy/110,NA
9012,IDFxhy/111,NA
9016,IDFxhz/101,NA
9022,IDFxhz/102,NA
9026,IDFxhz/110,NA
9030,IDFxhz/111,NA
9034,IDFxhz/Gg,NA
9042,IDFxk/101,NA
9044,IDFxk/102,NA
9050,IDFxk/103,NA
9054,IDFxk/110,NA
9056,IDFxk/111,NA
9058,IDFxk/112,NA
9063,IDFxk/113,NA
9068,IDFxk/Ro,NA
9072,IDFxm/01,NA
9078,IDFxm/02,NA
9086,IDFxm/03,NA
9090,IDFxm/04,NA
9096,IDFxm/05,NA
9102,IDFxm/06,NA
9105,IDFxm/07,NA
9108,IDFxm/08,NA
9116,IDFxm/09,NA
9124,IDFxm/10,NA
9127,IDFxm/Gg,NA
9136,IDFxw/01,NA
9142,IDFxw/02,NA
9145,IDFxw/03,NA
9148,IDFxw/04,NA
9154,IDFxw/05,CAsp
9157,IDFxw/06,NA
9160,IDFxw/07,NA
9163,IDFxx2/101,NA
9165,IDFxx2/102,NA
9168,IDFxx2/103,NA
9171,IDFxx2/104,NA
9173,IDFxx2/110,NA
9175,IDFxx2/111,NA
9178,IDFxx2/112,NA
9183,IDFxx2/Ro,NA
9186,IDFxxx/101,NA
9192,IDFxxx/110,NA
9196,IDFxxx/111,NA
9200,IDFxxx/Gg,NA
9208,IDFxxy/101,NA
9214,IDFxxy/110,NA
9218,IDFxxy/111,NA
9222,IDFxxy/Gg,NA
9230,IDFxxz/101,NA
9236,IDFxxz/102,NA
9240,IDFxxz/110,NA
9244,IDFxxz/111,NA
9248,IDFxxz/Gg,NA
9252,IDFxyz/101,NA
9258,IDFxyz/102,NA
9262,IDFxyz/103,NA
9266,IDFxyz/110,NA
9270,IDFxyz/111,NA
9274,IGFdmz/101,NA
9280,IGFdmz/102,NA
9284,IGFdmz/103,NA
9288,IGFdmz/110,NA
9292,IGFdmz/111,NA
9296,IGFmmz/101,NA
9302,IGFmmz/102,NA
9306,IGFmmz/103,NA
9310,IGFmmz/110,NA
9314,IGFmmz/111,NA
9318,IGFmwz/101,NA
9324,IGFmwz/102,NA
9328,IGFmwz/103,NA
9332,IGFmwz/110,NA
9340,IMAab/00,NA
9380,IMAco/00,NA
9420,IMAun/00,NA
9460,IMAunp/00,NA
9500,IMAus/00,NA
9540,IWFdcz/101,NA
9546,IWFdcz/102,NA
9550,IWFdcz/103,NA
9554,IWFdcz/110,NA
9558,IWFdcz/111,NA
9562,JPWcop/101,NA
9568,JPWcop/103,NA
9572,JPWcop/110,NA
9576,JPWcop/111,NA
9580,JPWcop/Gg,NA
9584,JPWcoz/00,NA
9624,JPWgbz/101,NA
9630,JPWgbz/103,NA
9634,JPWgbz/110,NA
9638,JPWgbz/111,NA
9642,JPWgbz/Gg,NA
9646,JPWnvz/00,NA
9686,JPWsrm/00,NA
9726,MGPdm/00,NA
9766,MGPmg/00,NA
9806,MGPun/110,NA
9810,MGPun/111,NA
9814,MGPun/Gg,NA
9828,MHdmz/101,NA
9834,MHdmz/102,NA
9842,MHdmz/110,NA
9850,MHdsz/101,NA
9856,MHdsz/102,NA
9860,MHdsz/103,NA
9864,MHdsz/110,NA
9872,MHmm1/01,NA
9881,MHmm1/02,NA
9887,MHmm1/03,NA
9893,MHmm1/04,NA
9896,MHmm1/05,NA
9898,MHmm1/06,NA
9901,MHmm1/07,NA
9903,MHmm1/08,NA
9905,MHmm1/09,NA
9908,MHmm2/01,NA
9917,MHmm2/02,NA
9923,MHmm2/03,NA
9929,MHmm2/04,NA
9932,MHmm2/05,NA
9934,MHmm2/06,NA
9937,MHmm2/07,NA
9939,MHmm2/08,NA
9941,MHmm2/09,NA
9944,MHmmp/d,NA
9959,MHmmp/h,NA
9974,MHmmp/m,NA
9984,MHmmz/101,NA
9990,MHmmz/102,NA
9998,MHmmz/110,NA
10006,MHmsz/101,NA
10012,MHmsz/102,NA
10016,MHmsz/103,NA
10020,MHmsz/110,NA
10028,MHRFmmz/101,NA
10034,MHRFmmz/102,NA
10042,MHRFmmz/110,NA
10050,MHRFmsz/101,NA
10056,MHRFmsz/102,NA
10064,MHRFmsz/110,NA
10072,MHRFwmz/101,NA
10078,MHRFwmz/102,NA
10086,MHRFwmz/110,NA
10094,MHun/d,NA
10109,MHun/h,NA
10124,MHun/m,NA
10134,MHunp/00,NA
10174,MHwh/101,NA
10185,MHwh/102,NA
10191,MHwh/110,NA
10195,MHwh/111,NA
10201,MHwh/Wb53,NA
10204,MHwh1/01,NA
10213,MHwh1/02,NA
10219,MHwh1/03,NA
10225,MHwh1/04,NA
10228,MHwh1/05,NA
10230,MHwh1/06,NA
10233,MHwh1/07,NA
10235,MHwh1/08,NA
10237,MHwh1/09,NA
10240,MHwhp/00,NA
10280,MSab/a,NA
10288,MSab/b,NA
10296,MSab/c,NA
10303,MSab/d,NA
10309,MSab/e,NA
10315,MSab/f,NA
10320,MSab/g,NA
10325,MSab/h,NA
10326,MScoa/00,NA
10366,MScop/00,NA
10406,MSdc1/01,NA
10414,MSdc1/02,NA
10420,MSdc1/03,NA
10430,MSdc1/04,NA
10438,MSdc1/05,NA
10447,MSdc2/01,NA
10453,MSdc2/02,NA
10464,MSdc2/03,NA
10470,MSdc2/04,NA
10476,MSdc2/05,NA
10480,MSdc2/06,NA
10486,MSdc2/07,CAsp
10492,MSdc2/08,NA
10498,MSdc3/01,NA
10504,MSdc3/02,NA
10515,MSdc3/03,NA
10521,MSdc3/04,NA
10527,MSdc3/05,NA
10531,MSdc3/06,NA
10537,MSdc3/07,NA
10543,MSdc3/08,NA
10549,MSdk/101,NA
10552,MSdk/102,NA
10557,MSdk/103,NA
10559,MSdk/104,NA
10565,MSdk/105,NA
10567,MSdk/110,NA
10570,MSdk/111,NA
10576,MSdk/112,NA
10578,MSdk/Ro,NA
10581,MSdm1/01,NA
10592,MSdm1/02,NA
10603,MSdm1/03,NA
10611,MSdm1/04,NA
10622,MSdm1/05,NA
10632,MSdm1/06,NA
10640,MSdm1/07,NA
10650,MSdm1/08,NA
10660,MSdm1/09,NA
10664,MSdm2/01,NA
10674,MSdm2/02,NA
10686,MSdm2/03,NA
10698,MSdm2/04,NA
10707,MSdm2/05,NA
10719,MSdm2/06,NA
10727,MSdm2/07,NA
10735,MSdm3/01,NA
10745,MSdm3/02,NA
10757,MSdm3/03,NA
10769,MSdm3/04,NA
10778,MSdm3/05,NA
10790,MSdm3/06,NA
10798,MSdm3/07,NA
10806,MSdmz/101,NA
10812,MSdmz/102,NA
10816,MSdmz/103,NA
10820,MSdmz/110,NA
10824,MSdmz/111,NA
10828,MSdv/01,NA
10834,MSdv/02,NA
10846,MSdv/03,NA
10850,MSdv/04,NA
10856,MSdv/05,NA
10862,MSdv/06,NA
10865,MSdv/07,NA
10868,MSdv/08,NA
10874,MSdv/09,NA
10880,MSdw/101,NA
10883,MSdw/102,NA
10886,MSdw/103,NA
10889,MSdw/104,NA
10894,MSdw/110,NA
10897,MSdw/111,NA
10903,MSdw/112,NA
10905,MSdw/Ro,NA
10908,MSdwz/101,NA
10914,MSdwz/102,NA
10918,MSdwz/103,NA
10922,MSdwz/110,NA
10926,MSdwz/111,NA
10930,MSmw1/01,NA
10938,MSmw1/02,NA
10946,MSmw1/03,NA
10958,MSmw1/04,NA
10967,MSmw1/05,NA
10973,MSmw1/06,NA
10982,MSmw1/07,NA
10986,MSmw1/08,NA
10990,MSmw2/01,NA
10998,MSmw2/02,NA
11006,MSmw2/03,NA
11018,MSmw2/04,NA
11027,MSmw2/05,NA
11033,MSmw2/06,NA
11042,MSmw2/07,NA
11046,MSmw2/08,NA
11050,MSSDun/110,NA
11054,MSSDun/111,NA
11058,MSSDun/Gg,NA
11072,MSxcy/101,NA
11078,MSxcy/102,NA
11082,MSxcy/103,NA
11086,MSxcy/110,NA
11094,MSxk1/01,NA
11102,MSxk1/02,NA
11114,MSxk1/03,NA
11123,MSxk1/04,NA
11129,MSxk1/05,NA
11140,MSxk1/06,NA
11148,MSxk1/07,NA
11160,MSxk1/08,NA
11171,MSxk1/09,NA
11177,MSxk1/Gg,NA
11184,MSxk1/Gs,NA
11191,MSxk2/01,NA
11199,MSxk2/02,NA
11211,MSxk2/03,NA
11220,MSxk2/04,NA
11226,MSxk2/05,NA
11237,MSxk2/06,NA
11245,MSxk2/07,NA
11257,MSxk2/08,NA
11268,MSxk2/09,NA
11274,MSxk2/Gg,NA
11280,MSxk3/01,NA
11288,MSxk3/02,NA
11300,MSxk3/03,NA
11309,MSxk3/04,NA
11315,MSxk3/05,NA
11326,MSxk3/06,NA
11334,MSxk3/07,NA
11346,MSxk3/08,NA
11357,MSxk3/09,NA
11363,MSxkz/101,NA
11369,MSxkz/102,NA
11373,MSxkz/103,NA
11377,MSxkz/110,NA
11381,MSxkz/111,NA
11385,MSxmz/101,NA
11391,MSxmz/102,NA
11395,MSxmz/103,NA
11399,MSxmz/110,NA
11403,MSxmz/111,NA
11407,MSxv/01,NA
11412,MSxv/02,NA
11416,MSxv/03,NA
11421,MSxv/04,NA
11424,MSxv/05,NA
11427,MSxv/06,NA
11430,MSxv/07,NA
11432,MSxv/08,NA
11440,MSxv/09,NA
11444,MSxvz/101,NA
11450,MSxvz/102,NA
11454,MSxvz/103,NA
11458,MSxvz/110,NA
11462,MSxvz/111,NA
11466,MSxxx/101,NA
11472,MSxxx/102,NA
11480,MSxxx/110,NA
11488,MSxxz/101,NA
11494,MSxxz/102,NA
11498,MSxxz/103,NA
11502,MSxxz/110,NA
11510,PPcoz/00,NA
11550,PPnvz/00,NA
11590,PPorz/101,NA
11596,PPorz/110,NA
11600,PPorz/111,NA
11604,PPorz/Gg,NA
11612,PPpum/101,NA
11618,PPpum/102,NA
11622,PPpum/110,NA
11626,PPpum/111,NA
11630,PPpum/Gg,NA
11634,PPxh1/01,NA
11642,PPxh1/02,NA
11650,PPxh1/03,NA
11658,PPxh1/04,NA
11666,PPxh1/05,NA
11670,PPxh1/06,NA
11676,PPxh1/07,NA
11679,PPxh1/08,NA
11685,PPxh1/Gg,NA
11695,PPxh1/Gs,NA
11701,PPxh2/01,NA
11711,PPxh2/02,NA
11717,PPxh2/03,NA
11726,PPxh2/04,NA
11731,PPxh2/05,NA
11736,PPxh2/06,NA
11742,PPxh2/07,NA
11748,PPxh2/Gg,NA
11761,PPxh3/01,NA
11771,PPxh3/02,NA
11777,PPxh3/03,NA
11787,PPxh3/04,NA
11795,PPxh3/05,NA
11803,PPxh3/06,NA
11813,PPxh3/07,NA
11819,PPxhz/101,NA
11825,PPxhz/102,NA
11829,PPxhz/110,NA
11833,PPxhz/111,NA
11837,PPxhz/Gg,NA
11841,PPxxz/101,NA
11847,PPxxz/102,NA
11851,PPxxz/110,NA
11855,PPxxz/111,NA
11859,PPxxz/Gg,NA
11863,PPxyz/101,NA
11869,PPxyz/102,NA
11873,PPxyz/110,NA
11881,PPxyz/Gg,NA
11885,SASbo/a,NA
11890,SASbo/b,NA
11896,SASbo/c,NA
11902,SASbo/d,NA
11908,SASbo/e,NA
11915,SASbo/f,NA
11919,SASbo/g,NA
11923,SASbo/h,NA
11928,SBAPcp/a,NA
11929,SBAPcp/b,NA
11931,SBAPcp/c,NA
11935,SBAPcp/d,NA
11937,SBAPcp/e,NA
11939,SBAPcp/f,NA
11941,SBAPcp/g,NA
11944,SBAPcp/h,NA
11946,SBAPcp/i,NA
11949,SBAPcp/j,NA
11951,SBAPcp/k,NA
11954,SBAPcp/l,NA
11957,SBAPcp/m,NA
11960,SBAPcp/n,NA
11963,SBAPfp/d,NA
11978,SBAPfp/h,NA
11993,SBAPfp/m,NA
12003,SBPSdc/01,NA
12006,SBPSdc/02,NA
12014,SBPSdc/03,NA
12021,SBPSdc/04,NA
12023,SBPSdc/05,NA
12025,SBPSdc/06,NA
12031,SBPSdc/07,NA
12033,SBPSdc/08,NA
12037,SBPSmc/01,NA
12042,SBPSmc/02,NA
12046,SBPSmc/03,CA
12050,SBPSmc/03,NA
12051,SBPSmc/04,NA
12055,SBPSmc/05,NA
12061,SBPSmc/06,NA
12067,SBPSmc/07,NA
12069,SBPSmk/01,NA
12075,SBPSmk/02,NA
12079,SBPSmk/03,NA
12085,SBPSmk/04,NA
12092,SBPSmk/05,CAsp
12094,SBPSmk/06,NA
12098,SBPSmk/07,NA
12102,SBPSmk/08,NA
12104,SBPSxc/01,NA
12110,SBPSxc/02,NA
12121,SBPSxc/03,NA
12122,SBPSxc/04,NA
12124,SBPSxc/05,NA
12129,SBPSxc/06,NA
12133,SBSdh1/01,NA
12139,SBSdh1/02,NA
12143,SBSdh1/03,NA
12145,SBSdh1/04,NA
12149,SBSdh1/05,NA
12156,SBSdh1/06,NA
12162,SBSdh1/07,NA
12168,SBSdh1/08,NA
12171,SBSdh2/01,NA
12177,SBSdh2/02,NA
12181,SBSdh2/03,NA
12185,SBSdh2/04,NA
12189,SBSdh2/05,NA
12197,SBSdh2/06,NA
12201,SBSdh2/07,NA
12210,SBSdh2/08,NA
12212,SBSdk/01,NA
12217,SBSdk/02,NA
12219,SBSdk/03,NA
12222,SBSdk/04,NA
12225,SBSdk/05,NA
12229,SBSdk/06,NA
12233,SBSdk/07,NA
12238,SBSdk/08,Fm
12241,SBSdk/09,NA
12245,SBSdk/10,NA
12249,SBSdk/Gg,NA
12256,SBSdw1/01,NA
12260,SBSdw1/02,NA
12263,SBSdw1/03,NA
12269,SBSdw1/04,NA
12272,SBSdw1/05,CAsp
12275,SBSdw1/06,NA
12278,SBSdw1/07,NA
12281,SBSdw1/08,Fh
12283,SBSdw1/09,NA
12287,SBSdw2/01,NA
12292,SBSdw2/02,NA
12295,SBSdw2/03,NA
12297,SBSdw2/04,NA
12300,SBSdw2/05,CAsp
12303,SBSdw2/06,NA
12307,SBSdw2/07,NA
12311,SBSdw2/08,NA
12316,SBSdw2/09,NA
12322,SBSdw2/10,NA
12325,SBSdw2/11,NA
12329,SBSdw3/01,NA
12332,SBSdw3/02,NA
12336,SBSdw3/03,NA
12338,SBSdw3/04,NA
12341,SBSdw3/05,NA
12347,SBSdw3/06,NA
12351,SBSdw3/07,NA
12353,SBSdw3/08,NA
12359,SBSdw3/09,NA
12363,SBSdw3/10,NA
12367,SBSmc1/01,NA
12376,SBSmc1/02,NA
12382,SBSmc1/03,NA
12388,SBSmc1/04,CA
12394,SBSmc1/05,CA
12396,SBSmc1/06,CA
12399,SBSmc1/07,NA
12402,SBSmc1/08,NA
12410,SBSmc2/01,NA
12416,SBSmc2/02,NA
12424,SBSmc2/03,CA
12430,SBSmc2/04,NA
12433,SBSmc2/05,NA
12436,SBSmc2/06,NA
12440,SBSmc2/07,NA
12444,SBSmc2/08,NA
12449,SBSmc2/09,NA
12453,SBSmc2/10,NA
12461,SBSmc2/11,NA
12469,SBSmc2/12,NA
12473,SBSmc3/01,NA
12476,SBSmc3/02,NA
12478,SBSmc3/03,NA
12480,SBSmc3/04,NA
12482,SBSmc3/05,NA
12486,SBSmc3/06,NA
12488,SBSmc3/07,NA
12490,SBSmc3/08,NA
12492,SBSmc3/09,NA
12494,SBSmh/01,NA
12500,SBSmh/02,NA
12503,SBSmh/03,NA
12505,SBSmh/04,NA
12510,SBSmh/05,NA
12515,SBSmh/06,NA
12519,SBSmh/07,NA
12522,SBSmh/08,Fh
12525,SBSmh/09,NA
12528,SBSmk1/01,NA
12534,SBSmk1/02,NA
12537,SBSmk1/03,NA
12539,SBSmk1/04,NA
12543,SBSmk1/05,NA
12547,SBSmk1/06,CA
12555,SBSmk1/07,NA
12558,SBSmk1/08,NA
12564,SBSmk1/09,NA
12568,SBSmk1/10,NA
12571,SBSmk2/01,NA
12575,SBSmk2/02,NA
12579,SBSmk2/03,NA
12583,SBSmk2/04,CA
12589,SBSmk2/05,NA
12592,SBSmk2/06,Fh
12594,SBSmm/01,NA
12609,SBSmm/02,NA
12614,SBSmm/03,NA
12619,SBSmm/04,NA
12625,SBSmm/05,NA
12631,SBSmm/06,NA
12639,SBSmm/07,NA
12647,SBSmm/08,Fh
12655,SBSmm/09,NA
12663,SBSmw/01,NA
12669,SBSmw/02,NA
12673,SBSmw/03,NA
12679,SBSmw/04,NA
12685,SBSmw/05,CA
12686,SBSmw/06,NA
12689,SBSmw/07,NA
12691,SBSmw/08,NA
12695,SBSmw/09,NA
12698,SBSmw/10,NA
12702,SBSun/d,NA
12717,SBSun/h,NA
12732,SBSun/m,NA
12742,SBSvk/01,NA
12750,SBSvk/02,NA
12754,SBSvk/03,NA
12757,SBSvk/04,NA
12760,SBSvk/05,NA
12764,SBSvk/06,NA
12767,SBSvk/07,NA
12770,SBSvk/08,NA
12772,SBSvk/09,NA
12774,SBSvk/10,NA
12778,SBSwk1/01,NA
12783,SBSwk1/02,NA
12787,SBSwk1/03,NA
12794,SBSwk1/04,NA
12800,SBSwk1/05,NA
12805,SBSwk1/06,CA
12807,SBSwk1/07,NA
12810,SBSwk1/08,NA
12812,SBSwk1/09,NA
12815,SBSwk1/10,NA
12817,SBSwk1/11,NA
12822,SBSwk1/12,NA
12828,SBSwk2/01,NA
12830,SBSwk2/02,NA
12834,SBSwk2/03,NA
12836,SBSwk2/04,CA
12842,SBSwk2/05,NA
12844,SBSwk2/06,NA
12846,SBSwk3/01,NA
12849,SBSwk3/02,NA
12853,SBSwk3/03,NA
12855,SBSwk3/04,NA
12857,SBSwk3/05,CA
12863,SBSwk3/06,NA
12867,SBSwk3/07,NA
12869,SBSwk3/08,NA
12871,SBSwk3a/01,NA
12873,SBSwk3a/02,NA
12877,SBSwk3a/03,NA
12879,SBSwk3a/04,NA
12881,SBSwk3a/05,CA
12886,SBSwk3a/05,NA
12887,SBSwk3a/06,NA
12891,SBSwk3a/07,NA
12895,SBSwk3a/08,Fh
12897,SGcoz/00,NA
12937,SGPun/110,NA
12941,SGPun/111,NA
12945,SGPun/Gg,NA
12959,SWBmk/01,NA
12962,SWBmk/02,NA
12968,SWBmk/03,NA
12972,SWBmk/04,NA
12977,SWBmk/05,NA
12982,SWBmk/06,NA
12984,SWBmk/07,NA
12988,SWBmk/08,NA
12992,SWBmk/09,NA
12997,SWBmks/00,NA
13037,SWBun/d,NA
13052,SWBun/h,NA
13066,SWBun/m,NA
13077,SWBuns/00,NA
13117,SWBvk/d,NA
13132,SWBvk/h,NA
13146,SWBvk/m,NA
13157,SWBvks/00,NA
13197,WJPjuz/101,NA
13203,WJPjuz/103,NA
13207,WJPjuz/110,NA
13211,WJPjuz/111,NA
13215,WJPjuz/Gg,NA
